Name,
Vm_Sultr1_1, 
Km_Sultr1_1, 
Vm_Sultr1_2, 
Km_Sultr1_2, 
Vm_Sultr4cv, 
Km_Sultr4cv, 
ka_Sultr4cv, 
Vm_Sultr4vc, 
Km_Sultr4vc, 
ki_Sultr4vc, 
Vf_ATPSc, 
KmS_ATPSc, 
Kmatp_ATPSc, 
Kmaps_ATPSc, 
Kmppi_ATPSc, 
keq_ATPSc, 
k_APSc, 
k_PPic,
Vf_Sultr3cp, 
Vr_Sultr3cp, 
KmS_Sultr3cp, 
KmP_Sultr3cp,
Vf_ATPSp, 
KmS_ATPSp, 
Kmatp_ATPSp, 
Kmaps_ATPSp, 
Kmppi_ATPSp, 
keq_ATPSp,
k_APSp, 
k_PPip,
Vm_APRp, 
Kmaps_APRp, 
Kmgsh_APRp, 
KmSO3_APRp, 
Kmgssg_APRp, 
Kmamp_APRp, 
keq_APRp,
k_SO3p, 
Vm_SiR, 
KmS_SiR, 
KmP_SiR, 
keq_SiR,
ATP_c, 
ATP_p,
SO4_ex,
GSHp,
GSSGp,
Vm_APK_c,
Km_a_APK_c,
Km_b_APK_c,
Km_p_APK_c,
Km_q_APK_c,
ki_a_APK_c,
KI_B_APK_c,
ki_p_APK_c,
ki_q_APK_c,
K__IB_APK_c,
k__iq_APK_c,
Vm_APK_p,
Km_a_APK_p,
Km_b_APK_p,
Km_p_APK_p,
Km_q_APK_p,
ki_a_APK_p,
KI_B_APK_p,
ki_p_APK_p,
ki_q_APK_p,
K__IB_APK_p,
k__iq_APK_p,
k_ADPc,
k_ADPp,
k_AMPp,
Vm_PAPST1,
Km_PAPST1,
ki_PAPST1,
k_PAPSc,
k_Sp,
